{"oui": {"domicile": [[3.2173644859813075, 5.732831775700929, 0.3205420560747664], [1.181233644859813, 3.554158878504669, 0.4419719626168225], [0.3635233644859813, 0.7115981308411218, 0.697747663551402]], "ecoles": [[0.6261588785046729, 0.4237570093457944, 7.476635514018692e-05], [0.10676635514018691, 0.2459065420560747, 0.0], [0.0, 0.03842056074766355, 0.010102803738317758]], "travailClos": [[0.29945794392523367, 0.16850467289719628, 0.0013925233644859814], [0.04217757009345794, 1.5266635514018694, 0.19214953271028037], [0.0007009345794392523, 0.10746728971962613, 0.026074766355140187]], "chezProchesLieuxClos": [[1.1874859813084113, 2.1186168224299067, 0.3737196261682244], [0.26068224299065423, 1.1531869158878503, 0.18077570093457943], [0.08285046728971962, 0.20114018691588784, 0.13352336448598132]], "autresLieuxClos(resto..)": [[0.6941495327102802, 1.1401308411214954, 0.05509345794392522], [0.27812149532710284, 1.4306542056074782, 0.1172897196261682], [0.006289719626168225, 0.24928037383177576, 0.16819626168224303]], "transport": [[0.2091121495327103, 0.10441121495327102, 7.476635514018692e-05], [0.06003738317757009, 0.14645794392523365, 0.01588785046728972], [0.00023364485981308412, 0.03151401869158878, 0.012383177570093457]], "ouvert": [[0.2903962616822432, 0.30958317757009346, 0.019444859813084116], [0.07840560747663552, 0.23628785046728978, 0.017749532710280378], [0.002332710280373832, 0.018357009345794397, 0.0169588785046729]]}, "non": {"domicile": [[2.625895450145207, 5.065798644724103, 0.1999515972894482], [1.0135237173281706, 3.3727976766698906, 0.2783349467570184], [0.1609874152952565, 0.6093126815101648, 0.6936979670861568]], "ecoles": [[8.191558567279758, 1.877076476282672, 0.011848983543078413], [0.1836398838334947, 0.7839883833494677, 0.0037850919651500484], [0.005324298160696999, 0.03127783155856728, 0.06283639883833494]], "travailClos": [[0.3058567279767667, 0.16848015488867377, 0.005324298160696999], [0.10739593417231365, 2.193155856727976, 0.13170377541142306], [0.013872216844143272, 0.16107454017424977, 0.08260406582768635]], "chezProchesLieuxClos": [[0.7568828654404648, 1.1999031945788963, 0.13920619554695063], [0.3166892545982575, 1.0876766698935143, 0.1791384317521781], [0.031132623426911903, 0.14140367860600195, 0.14753146176185866]], "autresLieuxClos(resto..)": [[1.1544917715392062, 0.7457696030977741, 0.00835430784123911], [0.1703194578896418, 1.4441626331074555, 0.08902226524685382], [0.01143272023233301, 0.3173378509196516, 0.224133591481123]], "transport": [[0.6997967086156827, 0.11600193610842205, 0.0], [0.011529525653436592, 0.15320425943852858, 0.004598257502420136], [0.0001548886737657309, 0.031752178121974825, 0.037347531461761854]], "ouvert": [[0.46763794772507283, 0.26759535333978707, 0.011014520813165542], [0.04567473378509196, 0.2559438528557601, 0.014135527589545019], [0.002799612778315586, 0.036056147144240075, 0.025841239109390138]]}}